id,target
5,0.9366
10,0.3586
11,0.0859
13,0.4237
16,0.0982
18,0.1508
20,0.9424
27,0.1587
28,0.6617
29,0.6249
30,0.7208
31,0.6413
37,0.2817
43,0.5414
44,0.3311
46,0.3682
57,0.3229
59,0.5078
62,0.9929
63,0.4934
66,0.2256
67,0.4612
69,0.6083
70,0.138
71,0.4763
72,0.1732
80,0.952
82,0.9717
83,0.4565
91,0.9102
95,0.5405
96,0.3251
97,0.2759
104,0.228
105,0.0354
107,0.517
108,0.9325
112,0.9771
113,0.2424
115,0.0132
119,0.5614
120,0.1989
121,0.3039
128,0.6177
129,0.7163
132,0.9484
135,0.5741
136,0.8173
137,0.3945
138,0.0424
139,0.7437
140,0.1246
151,0.4405
154,0.8718
156,0.7424
157,0.9235
158,0.3
165,0.8877
166,0.5253
173,0.0041
176,0.5881
178,0.0662
182,0.7546
183,0.2638
185,0.9761
187,0.3957
190,0.8674
196,0.2067
207,0.7412
210,0.8464
229,0.2786
234,0.0081
237,0.8834
238,0.2948
240,0.7564
241,0.8957
244,0.659
251,0.6486
256,0.9431
259,0.7278
264,0.9065
271,0.8241
273,0.0444
274,0.8905
275,0.3256
278,0.3482
279,0.9051
292,0.6427
295,0.95
297,0.1568
303,0.5472
308,0.1329
309,0.31
312,0.2894
316,0.6408
324,0.3716
325,0.6396
326,0.3597
328,0.769
332,0.0963
334,0.5413
337,0.6792
342,0.5462
344,0.4642
351,0.9063
354,0.9837
357,0.7649
358,0.9475
361,0.6527
363,0.7917
371,0.5043
377,0.9218
381,0.5724
390,0.5383
393,0.4171
396,0.9
399,0.2086
400,0.4091
401,0.0689
410,0.7363
419,0.0422
427,0.5186
430,0.1828
433,0.1071
434,0.9181
437,0.4165
438,0.5151
441,0.336
442,0.2216
444,0.5458
447,0.1523
448,0.6596
452,0.1745
456,0.2202
457,0.28
458,0.2705
460,0.9165
464,0.5838
466,0.1807
467,0.7172
470,0.8869
471,0.5881
472,0.9818
474,0.5107
477,0.4229
480,0.3431
481,0.3698
482,0.9415
484,0.4841
486,0.584
499,0.2545
504,0.0057
507,0.1586
511,0.007
518,0.4278
521,0.3613
523,0.6879
527,0.6216
533,0.913
535,0.1546
545,0.5253
547,0.812
549,0.2452
553,0.4347
554,0.2618
556,0.9032
561,0.932
570,0.2326
575,0.9818
576,0.2793
587,0.5855
588,0.2985
590,0.391
593,0.8378
594,0.7066
596,0.3087
602,0.3534
607,0.0081
613,0.5262
617,0.462
625,0.6245
631,0.8645
632,0.5841
635,0.6633
637,0.5562
642,0.583
653,0.5746
657,0.3457
661,0.7642
663,0.3876
665,0.6198
671,0.2513
672,0.1114
673,0.8199
674,0.4609
679,0.3944
685,0.5171
687,0.0624
688,0.4698
693,0.289
695,0.35
702,0.7896
704,0.6455
707,0.2259
713,0.1116
714,0.2121
718,0.3438
724,0.7907
725,0.817
727,0.6449
729,0.109
732,0.1553
733,0.7239
735,0.1565
736,0.0303
737,0.7641
746,0.569
751,0.0092
754,0.6069
756,0.923
758,0.4786
760,0.234
764,0.9175
765,0.9003
767,0.4644
772,0.1718
775,0.4706
776,0.8279
777,0.6642
784,0.2042
785,0.894
786,0.9562
792,0.3425
800,0.0737
806,0.3905
809,0.1422
810,0.4958
812,0.8393
814,0.4368
816,0.6852
817,0.123
821,0.4096
824,0.2075
827,0.884
831,0.8288
838,0.6674
839,0.8283
843,0.9883
848,0.7856
852,0.1411
859,0.6743
861,0.9226
864,0.3597
868,0.2375
874,0.0098
878,0.0361
890,0.0562
897,0.7699
898,0.9001
899,0.4733
902,0.7013
908,0.7686
909,0.1034
912,0.028
916,0.8707
920,0.9198
925,0.4064
926,0.9853
928,0.9245
929,0.9425
930,0.4586
931,0.3101
935,0.3908
939,0.0881
944,0.28
946,0.1712
949,0.1504
952,0.8543
953,0.8051
955,0.3822
956,0.1924
958,0.1498
970,0.1318
971,0.3619
978,0.3296
988,0.0662
992,0.2492
997,0.2761
999,0.8027
1003,0.4492
1007,0.6268
1009,0.9938
1011,0.6947
1014,0.4023
1017,0.7374
1024,0.8581
1025,0.1218
1028,0.4439
1032,0.5312
1033,0.0781
1036,0.0072
1038,0.5201
1040,0.7446
1046,0.407
1047,0.3468
1052,0.7704
1054,0.6285
1060,0.716
1061,0.2397
1065,0.5396
1070,0.0127
1078,0.4398
1082,0.2577
1087,0.9806
1089,0.2728
1093,0.5842
1095,0.4155
1101,0.1429
1107,0.456
1109,0.4623
1112,0.3999
1113,0.2099
1122,0.9897
1124,0.2072
1129,0.7398
1134,0.9246
1144,0.9927
1148,0.0353
1150,0.7908
1151,0.8027
1154,0.7039
1155,0.1224
1157,0.4371
1167,0.4561
1171,0.4913
1172,0.6303
1179,0.1013
1185,0.4836
1188,0.4287
1194,0.9697
1204,0.1028
1212,0.5448
1213,0.9647
1214,0.7642
1223,0.9629
1224,0.0336
1225,0.8309
1228,0.8008
1229,0.7558
1233,0.7371
1236,0.2171
1237,0.9379
1239,0.5804
1243,0.3292
1251,0.6223
1252,0.212
1253,0.8411
1258,0.0699
1265,0.0236
1268,0.3565
1270,0.6773
1271,0.9
1272,0.3749
1273,0.3476
1280,0.8761
1283,0.9009
1285,0.1549
1286,0.4133
1292,0.5432
1297,0.824
1299,0.063
1300,0.6446
1302,0.2499
1303,0.955
1308,0.2022
1312,0.0154
1314,0.8276
1316,0.6801
1335,0.2077
1339,0.9963
1340,0.036
1342,0.6526
1344,0.1845
1346,0.041
1360,0.6171
1362,0.7576
1363,0.2242
1365,0.0272
1370,0.0703
1372,0.8088
1373,0.6715
1382,0.2421
1383,0.9223
1386,0.4976
1394,0.0524
1395,0.4019
1396,0.3968
1397,0.8445
1398,0.4924
1399,0.7635
1401,0.9319
1406,0.8557
1408,0.6586
1409,0.1493
1412,0.2642
1414,0.5622
1418,0.2241
1423,0.1179
1424,0.7175
1425,0.8094
1433,0.0142
1436,0.183
1437,0.167
1438,0.3895
1441,0.2645
1442,0.679
1448,0.2715
1452,0.543
1455,0.3401
1459,0.6544
1461,0.8008
1462,0.9165
1465,0.7571
1471,0.998
1472,0.7494
1474,0.8369
1477,0.6972
1480,0.0656
1485,0.4892
1488,0.5171
1495,0.3016
1496,0.5371
1509,0.7307
1510,0.2606
1515,0.3451
1517,0.0042
1518,0.412
1519,0.9184
1525,0.7054
1526,0.8668
1527,0.5259
1532,0.5606
1538,0.0038
1541,0.2229
1546,0.2688
1547,0.7198
1554,0.7548
1555,0.1294
1556,0.5579
1558,0.616
1559,0.8866
1560,0.0698
1561,0.2239
1562,0.9375
1563,0.3834
1567,0.6691
1568,0.3583
1570,0.7343
1571,0.0956
1572,0.7364
1575,0.0939
1576,0.8563
1577,0.8291
1584,0.3698
1585,0.1278
1588,0.7806
1589,0.3386
1590,0.013
1595,0.0443
1597,0.3148
1602,0.7148
1606,0.9529
1608,0.3727
1609,0.2635
1614,0.7949
1621,0.5733
1625,0.4112
1627,0.7608
1628,0.2174
1630,0.168
1632,0.9011
1633,0.8108
1634,0.3425
1637,0.2679
1643,0.3885
1644,0.0443
1645,0.3085
1648,0.3152
1649,0.2326
1652,0.7067
1654,0.6354
1656,0.0745
1660,0.4349
1663,0.0988
1671,0.7445
1683,0.9045
1688,0.3693
1689,0.1933
1692,0.8216
1694,0.7439
1695,0.9186
1702,0.985
1705,0.3128
1706,0.5956
1710,0.2708
1711,0.9353
1721,0.6212
1726,0.9055
1732,0.8277
1733,0.4806
1735,0.5993
1737,0.1201
1738,0.5578
1739,0.7223
1743,0.4438
1747,0.4287
1748,0.4839
1749,0.8309
1753,0.7263
1760,0.4193
1761,0.7653
1762,0.9317
1763,0.3891
1764,0.3399
1774,0.3498
1777,0.1592
1782,0.6305
1784,0.4647
1786,0.6646
1787,0.5821
1789,0.5735
1790,0.4906
1792,0.3343
1793,0.5515
1802,0.028
1806,0.5928
1807,0.5023
1810,0.9919
1812,0.4322
1813,0.4344
1814,0.2943
1816,0.0234
1820,0.2704
1833,0.1161
1839,0.4466
1843,0.0189
1844,0.8162
1847,0.9105
1848,0.0215
1849,0.9033
1852,0.4534
1854,0.3719
1858,0.5417
1863,0.3516
1867,0.9363
1870,0.3973
1875,0.1588
1879,0.5973
1880,0.8402
1885,0.72
1886,0.4449
1896,0.1966
1900,0.6277
1903,0.8463
1907,0.7386
1916,0.4842
1917,0.6963
1919,0.5388
1923,1
1927,0.8134
1929,0.8252
1930,0.9813
1947,0.1838
1956,0.5689
1961,0.0328
1964,0.2149
1970,0.9643
1973,0.9023
1977,0.1784
1980,0.7678
1982,0.775
1984,0.3963
1987,0.8265
1989,0.9671
1995,0.9752
2003,0.6819
2004,0.0434
2013,0.7276
2014,0.0163
2015,0.5642
2018,0.9593
2019,0.976
2021,0.998
2024,0.4654
2025,0.3163
2027,0.1063
2029,0.2516
2036,0.3693
2037,0.5615
2038,0.072
2041,0.9679
2042,0.1398
2044,0.8888
2045,0.1346
2055,0.7982
2059,0.2285
2061,0.2184
2064,0.5108
2065,0.6507
2067,0.0448
2068,0.0719
2073,0.2469
2083,0.1531
2093,0.1841
2095,0.3197
2098,0.8633
2111,0.5613
2113,0.0099
2115,0.6011
2121,0.5049
2122,0.6825
2129,0.1448
2139,0.4554
2141,0.2415
2145,0.3974
2146,0.3692
2152,0.5144
2154,0.1234
2162,0.8027
2167,0.8206
2171,0.8616
2177,0.9197
2178,0.8906
2179,0.5448
2184,0.6122
2186,0.4594
2189,0.716
2193,0.3341
2196,0.9979
2199,0.0629
2200,0.3814
2202,0.1646
2206,0.0151
2208,0.8954
2214,0.8109
2216,0.7347
2219,0.9888
2222,0.5953
2235,0.0302
2248,0.5064
2250,0.6817
2254,0.6347
2257,0.4442
2258,0.2993
2261,0.507
2268,0.0858
2271,0.2525
2273,0.5253
2274,0.0426
2275,0.9142
2276,0.4454
2277,0.3052
2279,0.0466
2282,0.3775
2283,0.0586
2285,0.8411
2286,0.1224
2290,0.6864
2291,0.8771
2292,0.0946
2294,0.0493
2296,0.8514
2297,0.9108
2298,0.9479
2299,0.9323
2307,0.3345
2308,0.9835
2313,0.8092
2315,0.2485
2318,0.249
2319,0.9429
2320,0.534
2321,0.5868
2323,0.9237
2324,0.7404
2325,0.5608
2327,0.0852
2330,0.185
2336,0.1772
2342,0.8751
2345,0.4781
2346,0.8996
2349,0.6409
2351,0.2516
2353,0.4724
2356,0.8946
2359,0.0661
2361,0.7076
2371,0.7748
2375,0.3995
2380,0.9408
2385,0.7127
2388,0.6461
2390,0.9676
2391,0.1604
2394,0.0558
2395,0.8327
2400,0.6884
2402,0.0888
2405,0.8339
2407,0.5652
2408,0.3138
2412,0.9261
2414,0.7309
2417,0.0032
2427,0.3051
2429,0.7198
2434,0.7937
2439,0.4965
2442,0.679
2443,0.3671
2445,0.9306
2449,0.5795
2454,0.6541
2456,0.708
2460,0.1557
2465,0.2768
2470,0.4015
2472,0.2833
2475,0.479
2476,0.6778
2477,0.6856
2478,0.634
2481,0.2947
2484,0.7534
2494,0.5599
2497,0.5231
2499,0.5675
2503,0.7576
2511,0.7763
2516,0.0236
2517,0.0431
2522,0.8036
2527,0.6193
2529,0.9528
2532,0.1761
2534,0.4875
2537,0.932
2538,0.5973
2541,0.4044
2556,0.1628
2565,0.6033
2578,0.727
2584,0.8282
2589,0.9308
2593,0.7079
2598,0.1731
2606,0.0513
2609,0.2067
2611,0.6377
2612,0.1328
2615,0.2516
2616,0.3623
2619,0.0716
2626,0.0705
2627,0.2188
2628,0.932
2630,0.1479
2632,0.7053
2634,0.7302
2635,0.0943
2638,0.0249
2646,0.74
2647,0.6586
2650,0.5196
2653,0.7965
2654,0.8745
2658,0.1035
2660,0.1915
2670,0.2504
2671,0.2106
2672,0.3073
2673,0.2211
2674,0.767
2675,0.0037
2676,0.9359
2682,0.5715
2689,0.725
2690,0.1786
2691,0.5864
2696,0.7414
2697,0.1888
2712,0.7597
2715,0.7449
2717,0.2813
2720,0.7851
2721,0.0806
2726,0.1636
2731,0.7726
2732,0.2081
2736,0.435
2737,0.4602
2744,0.652
2747,0.1737
2749,0.914
2750,0.9732
2755,0.9794
2757,0.1008
2758,0.1563
2759,0.6868
2760,0.9817
2763,0.5312
2769,0.2566
2771,0.8137
2772,0.0632
2775,0.9603
2776,0.0827
2778,0.3377
2779,0.5317
2780,0.5858
2785,0.2784
2789,0.2638
2790,0.3132
2792,0.5866
2799,0.4518
2803,0.2662
2805,0.6823
2807,0.8861
2817,0.6078
2824,0.7632
2826,0.3985
2829,0.4533
2833,0.9485
2835,0.4975
2841,0.0795
2854,0.198
2855,0.1987
2858,0.2082
2861,0.425
2863,0.9087
2868,0.5875
2869,0.7372
2875,0.0271
2879,0.25
2885,0.6157
2888,0.4818
2891,0.6017
2895,0.055
2898,0.6072
2900,0.4892
2908,0.4552
2912,0.9543
2913,0.3479
2916,0.6762
2921,0.4423
2925,0.3908
2926,0.9573
2930,0.5959
2934,0.7433
2936,0.4662
2938,0.7123
2946,0.8823
2952,0.8189
2955,0.4077
2957,0.8394
2960,0.604
2961,0.8357
2963,0.727
2965,0.2354
2967,0.9466
2968,0.9514
2969,0.9527
2974,0.2694
2976,0.8114
2981,0.7132
2982,0.2504
2983,0.9413
2985,0.2804
2986,0.0235
2987,0.1003
2996,0.3822
2999,0.3875
3001,0.2134
3010,0.4248
3011,0.2984
3018,0.2691
3021,0.7784
3025,0.3869
3028,0.6291
3031,0.7028
3035,0.3155
3037,0.6182
3041,0.4474
3046,0.4141
3047,0.4613
3048,0.6792
3049,0.0056
3064,0.2432
3069,0.9125
3072,0.747
3076,0.9086
3078,0.1378
3079,0.4407
3089,0.0245
3093,0.4451
3095,0.186
3097,0.693
3100,0.9848
3101,0.8764
3103,0.6209
3108,0.8983
3111,0.4838
3121,0.6481
3122,0.6135
3123,0.8054
3125,0.1625
3130,0.0499
3135,0.0827
3138,0.5371
3143,0.308
3146,0.0618
3148,0.0911
3150,0.2003
3155,0.4547
3158,0.9591
3159,0.67
3160,0.3563
3165,0.7225
3166,0.3359
3170,0.5966
3171,0.178
3176,0.4319
3178,0.2145
3182,0.7808
3185,0.0304
3186,0.9685
3190,0.2735
3191,0.6957
3192,0.7603
3194,0.1117
3195,0.0953
3199,0.8622
3200,0.8558
3207,0.5634
3211,0.1452
3214,0.8839
3221,0.7256
3222,0.892
3228,0.5141
3237,0.533
3241,0.1131
3243,0.4579
3247,0.1329
3249,0.2256
3252,0.9987
3256,0.2438
3264,0.6802
3266,0.0302
3278,0.5562
3281,0.1635
3283,0.531
3284,0.78
3291,0.3619
3293,0.4214
3294,0.0309
3296,0.0353
3298,0.6376
3304,0.0861
3307,0.2055
3312,0.4995
3314,0.4913
3317,0.3522
3319,0.1479
3320,0.2998
3325,0.4182
3331,0.8642
3332,0.5826
3333,0.0301
3337,0.4019
3338,0.2581
3341,0.0639
3345,0.2152
3346,0.374
3351,0.0178
3352,0.8519
3359,0.032
3364,0.7883
3365,0.6291
3370,0.4283
3373,0.9045
3375,0.1149
3376,0.4612
3379,0.347
3382,0.4283
3384,0.6961
3386,0.2387
3394,0.6892
3396,0.5887
3397,0.482
3403,0.9766
3407,0.2076
3414,0.9066
3415,0.1667
3416,0.2421
3417,0.8818
3419,0.2693
3423,0.957
3424,0.491
3428,0.0576
3430,0.4526
3431,0.7167
3434,0.4107
3440,0.546
3441,0.1227
3443,0.0392
3445,0.7895
3446,0.5277
3450,0.7888
3451,0.6019
3452,0.0997
3453,0.8074
3455,0.9764
3456,0.1991
3458,0.3654
3460,0.0944
3468,0.8297
3472,0.7603
3477,0.7505
3481,0.1393
3488,0.1388
3491,0.6763
3494,0.7849
3496,0.3368
3498,0.8125
3500,0.1696
3502,0.3562
3507,0.8434
3513,0.1076
3514,0.7295
3516,0.3507
3520,0.6881
3522,0.0951
3523,0.4105
3525,0.0771
3526,0.6459
3528,0.2282
3530,0.5016
3531,0.4045
3532,0.3107
3534,0.9129
3536,0.1277
3540,0.6145
3541,0.1801
3545,0.4048
3548,0.8166
3553,0.6713
3554,0.8768
3557,0.2399
3559,0.2455
3564,0.6869
3567,0.4318
3570,0.3712
3574,0.4816
3579,0.3779
3582,0.857
3585,0.2481
3586,0.2162
3594,0.259
3601,0.6342
3603,0.8276
3604,0.9819
3605,0.7626
3606,0.9641
3608,0.888
3614,0.9458
3615,0.7545
3620,0.4953
3623,0.0639
3624,0.5842
3626,0.3214
3628,0.0016
3635,0.076
3642,0.5262
3643,0.1167
3644,0.1712
3646,0.3587
3647,0.8347
3651,0.2847
3653,0.6657
3665,0.8667
3671,0.1499
3672,0.0798
3673,0.9349
3678,0.6159
3681,0.3272
3691,0.0926
3692,0.2522
3697,0.4564
3701,0.0246
3702,0.4565
3705,0.5819
3706,0.3444
3707,0.7671
3710,0.8078
3712,0.7158
3717,0.5213
3718,0.9585
3722,0.2491
3729,0.6504
3734,0.3933
3737,0.1845
3738,0.2018
3742,0.6995
3747,0.4043
3748,0.0637
3749,0.7124
3754,0.0866
3758,0.3422
3763,0.6396
3766,0.9125
3767,0.9846
3768,0.0656
3771,0.5502
3776,0.6285
3779,0.1109
3780,0.3523
3783,0.4824
3786,0.181
3788,0.2797
3789,0.665
3793,0.4311
3798,0.7542
3802,0.1372
3805,0.0789
3806,0.1582
3807,0.6816
3808,0.4825
3809,0.8119
3811,0.3879
3814,0.4139
3818,0.7813
3826,0.9016
3835,0.1636
3838,0.6344
3839,0.2302
3841,0.9778
3848,0.0059
3850,0.579
3858,0.6049
3859,0.3141
3860,0.8929
3868,0.4707
3869,0.7671
3875,0.8127
3877,0.1658
3878,0.4134
3881,0.4673
3888,0.7672
3894,0.5118
3896,0.3002
3899,0.4065
3900,0.4145
3902,0.8411
3905,0.8594
3909,0.466
3911,0.3416
3913,0.9972
3914,0.6174
3918,0.0504
3921,0.1282
3926,0.8027
3929,0.5087
3932,0.5839
3936,0.5833
3939,0.7001
3946,0.3767
3948,0.7958
3950,0.3636
3952,0.9488
3953,0.3224
3955,0.2673
3956,0.9968
3957,0.6284
3966,0.2254
3967,0.1482
3968,0.6141
3969,0.7546
3975,0.7646
3978,0.4343
3981,0.8996
3983,0.7496
3996,0.8155
4000,0.4324
4005,0.0695
4006,0.6977
4008,0.281
4009,0.8847
4011,0.7694
4012,0.4315
4014,0.2447
4017,0.4651
4021,0.7748
4027,0.8813
4032,0.063
4038,0.3419
4040,0.8276
4042,0.4527
4046,0.7254
4050,0.1711
4057,0.6109
4059,0.5379
4061,0.486
4063,0.537
4066,0.1797
4072,0.8291
4075,0.7505
4077,0.9213
4078,0.0784
4079,0.7471
4080,0.7932
4081,0.1308
4088,0.887
4095,0.9936
4102,0.5941
4107,0.7191
4108,0.8779
4109,0.3778
4113,0.8414
4114,0.8128
4116,0.8217
4117,0.8395
4118,0.1578
4119,0.2696
4121,0.0494
4130,0.8776
4134,0.8612
4144,0.4027
4151,0.5324
4155,0.0226
4163,0.8444
4164,0.3321
4167,0.3142
4170,0.4287
4174,0.0557
4176,0.8181
4179,0.5067
4182,0.8562
4183,0.6954
4191,0.8963
4192,0.3393
4194,0.7967
4195,0.9159
4202,0.4855
4203,0.2995
4205,0.2108
4208,0.0079
4213,0.6434
4216,0.6706
4223,0.4663
4227,0.7641
4230,0.5055
4236,0.2554
4237,0.3309
4249,0.8194
4250,0.7794
4251,0.2765
4252,0.8639
4255,0.7177
4256,0.9238
4257,0.9739
4264,0.1808
4268,0.3607
4269,0.5372
4270,0.3706
4271,0.0416
4279,0.7452
4284,0.2462
4288,0.067
4291,0.962
4293,0.36
4294,0.9418
4299,0.1808
4308,0.8867
4309,0.0268
4319,0.5741
4325,0.5193
4328,0.1904
4329,0.6203
4330,0.1283
4331,0.0548
4333,0.7639
4337,0.8314
4339,0.3403
4340,0.7639
4341,0.6264
4342,0.9049
4346,0.9505
4352,0.2658
4355,0.5971
4357,0.6073
4361,0.2735
4369,0.1784
4374,0.036
4375,0.5711
4376,0.6586
4377,0.8331
4378,0.4952
4381,0.033
4384,0.9146
4389,0.1063
4390,0.357
4392,0.5226
4400,0.1759
4402,0.9163
4409,0.3883
4414,0.2432
4415,0.71
4419,0.7929
4423,0.9904
4425,0.4819
4426,0.7851
4428,0.8904
4431,0.274
4432,0.3145
4441,0.3866
4443,0.22
4444,0.1029
4445,0.8283
4446,0.5441
4447,0.8748
4448,0.3731
4454,0.7774
4457,0.8207
4459,0.521
4461,0.8946
4465,0.8155
4466,0.4298
4475,0.4782
4479,0.5898
4482,0.9111
4492,0.1533
4493,0.0516
4495,0.858
4496,0.8051
4498,0.8206
4508,0.2443
4511,0.9301
4513,0.3826
4522,0.9855
4524,0.4366
4528,0.7826
4529,0.7291
4536,0.4021
4539,0.5808
4540,0.1716
4541,0.5574
4542,0.4579
4543,0.8964
4544,0.169
4545,0.9922
4550,0.6556
4551,0.2311
4552,0.8567
4553,0.6366
4561,0.1957
4562,0.011
4564,0.5551
4567,0.1424
4571,0.5502
4573,0.7968
4574,0.0085
4575,0.2671
4577,0.4573
4578,0.3404
4579,0.5668
4586,0.5067
4588,0.3432
4591,0.6967
4592,0.8256
4599,0.2115
4601,0.7992
4602,0.9252
4609,0.4368
4613,0.0541
4616,0.7965
4618,0.2874
4620,0.3338
4622,0.7348
4623,0.9981
4625,0.6055
4631,0.4147
4634,0.0823
4635,0.1641
4636,0.3407
4638,0.1261
4640,0.961
4641,0.3791
4642,0.062
4647,0.5277
4650,0.4034
4655,0.7427
4657,0.827
4664,0.1073
4666,0.03
4668,0.1612
4679,0.8126
4680,0.334
4683,0.4333
4685,0.7061
4692,0.2693
4694,0.7276
4698,0.3272
4700,0.8898
4703,0.9318
4706,0.3881
4707,0.5148
4709,0.3964
4713,0.3717
4714,0.6706
4716,0.0312
4719,0.0337
4729,0.1559
4731,0.6705
4735,0.8874
4748,0.4802
4750,0.3394
4753,0.5837
4754,0.5664
4764,0.3154
4768,0.6961
4771,0.6963
4778,0.2287
4779,0.8268
4780,0.7491
4782,0.0318
4784,0.1614
4787,0.7954
4791,0.5675
4794,0.7197
4801,0.1558
4802,0.8069
4807,0.8914
4813,0.1193
4816,0.2972
4827,0.443
4829,0.4962
4831,0.083
4833,0.2026
4837,0.3557
4838,0.9177
4840,0.684
4846,0.5285
4849,0.0432
4850,0.0096
4851,0.7002
4856,0.9166
4857,0.2843
4860,0.5944
4862,0.0236
4863,0.9925
4867,0.7827
4870,0.7343
4871,0.1072
4873,0.6281
4874,0.8635
4875,0.7062
4879,0.3559
4880,0.522
4881,0.4941
4883,0.1546
4884,0.7382
4891,0.021
4899,0.6277
4904,0.6091
4908,0.4811
4909,0.4057
4913,0
4914,0.3523
4921,0.5953
4926,0.8126
4931,0.4093
4932,0.1119
4933,0.4741
4934,0.5325
4936,0.5816
4940,0.3166
4946,0.5687
4948,0.9869
4953,0.5158
4954,0.5703
4962,0.9149
4963,0.2411
4964,0.8714
4968,0.4994
4973,0.3414
4975,0.4079
4984,0.1279
4986,0.5183
4988,0.3329
4989,0.6195
4994,0.1096
4995,0.991
5010,0.5174
5013,0.752
5014,0.5685
5018,0.4216
5020,0.2916
5021,0.9401
5023,0.8553
5025,0.5517
5026,0.262
5027,0.6166
5028,0.6293
5032,0.6745
5040,0.6877
5046,0.4605
5050,0.6127
5054,0.7321
5056,0.0895
5063,0.1419
5064,0.3087
5071,0.9756
5073,0.6111
5081,0.8301
5086,0.9578
5098,0.1186
5101,0.7209
5103,0.1239
5106,0.3666
5110,0.4478
5115,0.384
5120,0.521
5123,0.0292
5124,0.4282
5127,0.7535
5130,0.2191
5132,0.4173
5133,0.7987
5136,0.6414
5137,0.3028
5138,0.9428
5141,0.5228
5143,0.9708
5144,0.4441
5145,0.4306
5146,0.7944
5149,0.2942
5153,0.7871
5155,0.1926
5156,0.8645
5159,0.6227
5160,0.5913
5165,0.1464
5168,0.8292
5170,0.7178
5171,0.6749
5175,0.8109
5177,0.6595
5181,0.387
5182,0.3805
5185,0.1814
5186,0.1623
5188,0.346
5191,0.1881
5207,0.3117
5208,0.3633
5210,0.681
5213,0.0285
5215,0.0696
5217,0.901
5218,0.7883
5224,0.5753
5227,0.8303
5231,0.7185
5232,0.3194
5235,0.0576
5236,0.1626
5241,0.5825
5242,0.7396
5243,0.9387
5248,0.2938
5251,0.9102
5253,0.8049
5254,0.1682
5257,0.2714
5258,0.6983
5260,0.5942
5263,0.5997
5267,0.7577
5276,0.7855
5277,0.614
5281,0.2544
5282,0.2295
5283,0.8151
5284,0.0828
5288,0.4094
5290,0.3825
5292,0.8585
5294,0.011
5296,0.1719
5298,0.5675
5302,0.4455
5307,0.0468
5310,0.7612
5311,0.595
5315,0.248
5316,0.0995
5320,0.8014
5322,0.1945
5324,0.3332
5325,0.6758
5326,0.0583
5327,0.3073
5330,0.731
5331,0.2716
5337,0.193
5343,0.165
5348,0.4849
5350,0.1782
5351,0.6875
5352,0.539
5355,0.6765
5356,0.6047
5358,0.838
5359,0.8832
5362,0.5946
5366,0.0248
5373,0.8461
5376,0.2125
5378,0.0085
5384,0.5608
5385,0.8849
5388,0.9234
5389,0.7327
5398,0.8583
5401,0.6326
5408,0.8917
5409,0.156
5411,0.5667
5412,0.5996
5414,0.7795
5416,0.814
5417,0.5446
5420,0.3966
5423,0.258
5426,0.3146
5427,0.1061
5428,0.9707
5429,0.406
5431,0.1206
5438,0.6017
5440,0.9372
5441,0.1933
5448,0.6382
5450,0.5119
5451,0.4031
5453,0.2858
5455,0.2301
5458,0.5353
5459,0.0167
5460,0.4325
5463,0.6507
5466,0.6568
5470,0.1817
5481,0.968
5484,0.2139
5485,0.9025
5489,0.1291
5490,0.1942
5498,0.0185
5499,0.5962
5500,0.1473
5502,0.681
5506,0.8216
5508,0.9983
5509,0.018
5510,0.9964
5515,0.5284
5518,0.4366
5521,0.5215
5529,0.5342
5530,0.834
5532,0.0222
5534,0.2165
5543,0.6424
5550,0.5313
5551,0.413
5554,0.1514
5555,0.5471
5556,0.7955
5562,0.858
5566,0.0566
5568,0.9974
5570,0.6418
5571,0.2803
5573,0.1238
5574,0.4966
5576,0.1739
5582,0.8174
5583,0.7255
5584,0.3148
5585,0.7912
5586,0.521
5587,0.0975
5598,0.5565
5599,0.0301
5600,0.4073
5603,0.5864
5608,0.9642
5613,0.1174
5618,0.4144
5622,0.6031
5623,0.757
5624,0.8625
5628,0.6511
5631,0.4977
5632,0.994
5634,0.9107
5643,0.3321
5644,0.7687
5646,0.3707
5648,0.1613
5652,0.7286
5655,0.0462
5656,0.3927
5659,0.3255
5661,0.0069
5675,0.3237
5676,0.7263
5685,0.5514
5686,0.4295
5690,0.7697
5692,0.8115
5694,0.9177
5703,0.843
5704,0.024
5709,0.4635
5712,0.6302
5713,0.2479
5717,0.6906
5720,0.6611
5721,0.3554
5728,0.925
5729,0.2314
5731,0.4484
5732,0.7566
5733,0.3602
5738,0.3314
5740,0.3904
5741,0.5599
5742,0.7305
5744,0.9919
5746,0.0236
5751,0.1179
5754,0.8006
5755,0.7551
5758,0.4736
5759,0.9136
5762,0.135
5771,0.9317
5772,0.1059
5774,0.0281
5778,0.0671
5791,0.2339
5794,0.4818
5798,0.2824
5799,0.0998
5802,0.6375
5812,0.1321
5820,0.4985
5821,0.0904
5823,0.3144
5828,0.6228
5834,0.5574
5835,0.781
5838,0.2749
5840,0.539
5841,0.0329
5842,0.675
5844,0.7969
5852,0.8621
5853,0.4164
5854,0.8438
5855,0.0141
5856,0.9354
5857,0.8935
5863,0.2389
5865,0.2332
5872,0.0576
5873,0.6029
5877,0.5404
5886,0.3198
5895,0.765
5907,0.3431
5909,0.1128
5912,0.4875
5915,0.5743
5921,0.3145
5926,0.3141
5928,0.5839
5930,0.2601
5931,0.7368
5933,0.9711
5938,0.7198
5939,0.1102
5943,0.0624
5951,0.7927
5964,0.687
5966,0.4576
5969,0.4116
5971,0.5029
5972,0.933
5973,0.773
5975,0.4119
5978,0.6796
5980,0.9944
5981,0.5289
5983,0.2879
5984,0.6243
5985,0.7753
5989,0.536
5995,0.594
5997,0.7233
6000,0.325
6004,0.0092
6008,0.5681
6010,0.3394
6011,0.3139
6015,0.6589
6016,0.8642
6023,0.8123
6029,0.625
6033,0.1356
6039,0.828
6043,0.6732
6047,0.2816
6050,0.2083
6059,0.5125
6067,0.7564
6069,0.9598
6078,0.9456
6080,0.745
6081,0.5998
6085,0.701
6086,0.9061
6094,0.6532
6097,0.7359
6100,0.0517
6102,0.4079
6104,0.511
6105,0.1141
6108,0.5946
6112,0.0714
6126,0.1876
6129,0.7106
6134,0.6277
6136,0.368
6137,0.8102
6142,0.5036
6144,0.4402
6147,0.462
6149,0.49
6151,0.7465
6154,0.2333
6171,0.2305
6174,0.5316
6182,0.8757
6184,0.4537
6185,0.8036
6188,0.9422
6206,0.2439
6210,0.1593
6212,0.1541
6213,0.1076
6217,0.2564
6220,0.4906
6226,0.0747
6227,0.5403
6229,0.3545
6230,0.2495
6234,0.5884
6236,0.9271
6247,0.057
6250,0.2339
6255,0.3624
6257,0.8939
6262,0.8614
6263,0.7445
6265,0.3439
6269,0.9958
6270,0.1854
6277,0.4412
6279,0.0513
6282,0.3119
6283,0.0486
6284,0.1676
6291,0.0895
6292,0.9619
6294,0.5329
6295,0.9782
6297,0.1814
6299,0.4317
6300,0.5581
6307,0.2213
6311,0.006
6312,0.4274
6313,0.0535
6316,0.6182
6317,0.3591
6319,0.3317
6322,0.77
6326,0.9127
6331,0.8831
6337,0.2035
6338,0.8864
6342,0.0564
6344,0.6156
6345,0.4759
6346,0.2109
6347,0.3694
6348,0.6907
6350,0.7313
6354,0.8306
6355,0.9791
6361,0.5617
6366,0.2187
6370,0.5665
6371,0.2207
6380,0.6492
6382,0.0167
6385,0.1227
6386,0.2235
6389,0.3231
6390,0.3425
6391,0.8849
6399,0.2881
6402,0.4794
6406,0.3403
6408,0.0159
6411,0.8641
6417,0.4148
6418,0.7541
6423,0.7117
6440,0.7968
6450,0.1102
6452,0.207
6453,0.0037
6454,0.3091
6459,0.5972
6463,0.3435
6473,0.525
6478,0.028
6481,0.4058
6483,0.6289
6488,0.4044
6496,0.8288
6498,0.3
6499,0.5906
6505,0.7161
6509,0.2168
6514,0.4147
6516,0.5157
6517,0.9273
6518,0.6345
6526,0.6659
6530,0.9902
6536,0.7754
6539,0.8714
6540,0.5857
6542,0.9003
6545,0.5523
6546,0.6304
6554,0.972
6555,0.8451
6558,0.0296
6559,0.4165
6562,0.5834
6564,0.9468
6566,0.4051
6570,0.9912
6573,0.2688
6574,0.1535
6576,0.3317
6581,0.2947
6585,0.7272
6590,0.1667
6594,0.2936
6599,0.6635
6600,0.9561
6602,0.9345
6603,0.3523
6605,0.2999
6606,0.3689
6609,0.7707
6612,0.9976
6627,0.7493
6633,0.964
6638,0.0836
6641,0.7481
6643,0.6431
6649,0.1942
6650,0.307
6653,0.8259
6655,0.3877
6666,0.6089
6667,0.9739
6668,0.3098
6672,0.8281
6676,0.4765
6678,0.5563
6679,0.1179
6682,0.3684
6686,0.7094
6690,0.2262
6691,0.0249
6695,0.4576
6698,0.7608
6701,0.214
6705,0.4436
6709,0.3491
6715,0.0951
6717,0.8283
6723,0.5993
6727,0.8395
6728,0.2653
6729,0.8956
6730,0.1187
6735,0.5875
6739,0.8827
6744,0.7415
6746,0.6253
6749,0.7932
6762,0.5424
6768,0.8072
6771,0.4012
6774,0.2941
6779,0.9946
6781,0.7263
6783,0.1552
6784,0.6091
6790,0.3725
6792,0.9713
6793,0.7771
6795,0.1333
6800,0.1006
6801,0.701
6802,0.1061
6803,0.1055
6804,0.5246
6811,0.1939
6816,0.3899
6817,0.3776
6824,0.3476
6830,0.1348
6834,0.0559
6835,0.6377
6836,0.6672
6845,0.122
6851,0.3801
6852,0.2996
6853,0.2425
6854,0.1896
6861,0.0914
6864,0.3161
6865,0.9939
6874,0.1153
6880,0.9767
6886,0.3787
6887,0.3912
6894,0.6757
6895,0.1107
6899,0.0175
6900,0.3823
6902,0.7788
6906,0.0463
6908,0.8152
6910,0.8671
6916,0.4968
6919,0.0256
6923,0.6036
6924,0.4584
6926,0.1575
6928,0.6828
6929,0.4002
6931,0.4594
6935,0.0311
6936,0.7056
6944,0.1547
6947,0.1571
6948,0.9279
6949,0.2735
6965,0.0728
6966,0.6657
6971,0.9172
6972,0.6586
6974,0.7552
6983,0.8152
7002,0.9308
7003,0.8858
7005,0.8799
7007,0.6078
7022,0.7787
7024,0.5293
7027,0.5995
7032,0.7942
7044,0.6161
7047,0.8676
7048,0.4871
7051,0.0642
7052,0.2755
7058,0.2671
7059,0.4297
7060,0.5436
7065,0.6884
7067,0.3753
7068,0.7022
7084,0.272
7086,0.1367
7090,0.9788
7091,0.8864
7099,0.4875
7100,0.9335
7102,0.4054
7103,0.3226
7107,0.062
7109,0.9763
7111,0.5703
7113,0.838
7117,0.6907
7126,0.7549
7127,0.8446
7128,0.4085
7136,0.3536
7139,0.3918
7140,0.7785
7141,0.4219
7142,0.1851
7144,0.7963
7145,0.6501
7152,0.531
7154,0.3964
7155,0.9164
7156,0.5449
7159,0.5206
7165,0.2445
7168,0.6032
7173,0.1938
7177,0.7527
7179,0.4594
7180,0.6046
7183,0.0322
7192,0.0413
7194,0.3834
7196,0.9468
7199,0.2583
7202,0.6706
7204,0.8844
7206,0.176
7213,0.8628
7216,0.3284
7218,0.1866
7219,0.1122
7220,0.8916
7221,0.0191
7225,0.8725
7227,0.4064
7229,0.2178
7232,0.1931
7233,0.1071
7242,0.4434
7246,0.8939
7247,0.757
7250,0.7939
7252,0.4245
7254,0.6302
7258,0.5932
7259,0.2163
7262,0.5334
7263,0.4294
7264,0.923
7265,0.161
7268,0.1846
7269,0.3202
7276,0.5108
7278,0.7381
7280,0.9155
7282,0.9212
7286,0.3508
7287,0.854
7290,0.4426
7292,0.0948
7293,0.9639
7296,0.2185
7297,0.1498
7301,0.0759
7311,0.0876
7312,0.5692
7313,0.731
7317,0.8895
7318,0.3123
7320,0.9466
7324,0.3272
7326,0.5322
7327,0.3552
7331,0.7734
7333,0.0289
7336,0.5365
7341,0.0663
7342,0.7346
7344,0.3231
7348,0.3972
7350,9e-04
7352,0.2611
7356,0.9492
7357,0.9972
7360,0.6432
7366,0.8402
7368,0.0517
7370,0.8841
7372,0.5809
7373,0.5871
7374,0.0396
7375,0.5547
7376,0.8331
7377,0.3486
7380,0.2064
7383,0.628
7387,0.6318
7388,0.7766
7389,0.1139
7392,0.8598
7393,0.0322
7401,0.6933
7406,0.7119
7411,0.6889
7415,3e-04
7417,0.2443
7418,0.7696
7429,0.4436
7433,0.2149
7434,0.7908
7438,0.2782
7441,0.6469
7445,0.6422
7446,0.1212
7453,0.8539
7455,0.7967
7459,0.3451
7462,0.4922
7473,0.6384
7475,0.8387
7476,0.6276
7483,0.5307
7484,0.9349
7487,0.451
7488,0.3012
7489,0.8608
7490,0.8617
7492,0.2899
7502,0.5414
7507,0.3856
7524,0.2532
7526,0.9455
7533,0.886
7535,0.2033
7541,0.1431
7547,0.1349
7549,0.9038
7555,0.1921
7558,0.1828
7564,0.3146
7565,0.5651
7567,0.681
7569,0.8057
7579,0.3406
7581,0.7266
7583,0.2809
7584,0.4426
7585,0.0706
7586,0.5769
7587,0.2437
7589,0.4928
7593,0.5606
7594,0.2169
7598,0.4766
7600,0.7294
7601,0.0956
7603,0.9579
7609,0.3639
7611,0.5251
7614,0.338
7620,0.7668
7622,0.4601
7624,0.178
7626,0.0839
7630,0.5681
7631,0.1467
7634,0.5076
7635,0.872
7639,0.0792
7641,0.562
7645,0.0383
7646,0.3632
7647,0.3723
7648,0.5667
7657,0.0907
7666,0.0969
7668,0.0542
7671,0.2708
7674,0.4692
7681,0.1233
7686,0.7352
7692,0.9671
7701,0.3333
7702,0.4292
7703,0.7583
7704,0.6007
7707,0.4955
7708,0.4518
7710,0.7364
7722,0.5488
7730,0.9015
7731,0.9851
7733,0.4284
7735,0.5671
7738,0.7814
7740,0.4869
7742,0.7843
7744,0.8616
7748,0.8419
7750,0.3858
7751,0.1614
7760,0.5961
7768,0.2712
7770,0.7686
7774,0.1379
7775,0.0903
7776,0.1532
7778,0.0502
7779,0.8294
7783,0.7326
7784,0.9324
7785,0.4094
7790,0.6539
7794,0.8985
7803,0.8525
7804,0.3813
7805,0.7317
7815,0.7603
7818,0.0437
7821,0.9116
7824,0.4922
7831,0.6911
7832,0.4673
7835,0.0982
7836,0.8796
7839,0.8721
7849,0.0321
7850,0.3009
7852,0.434
7854,0.5845
7857,0.6466
7860,0.9513
7861,0.9779
7863,0.8434
7866,0.7682
7868,0.9929
7870,0.2414
7878,0.6121
7881,0.7286
7882,0.4808
7885,0.968
7886,0.188
7887,0.21
7892,0.7659
7894,0.0973
7895,0.1566
7896,0.7853
7899,0.0473
7900,0.9501
7901,0.8227
7907,0.5473
7911,0.2585
7912,0.305
7917,0.4863
7921,0.6917
7928,0.1609
7929,0.5802
7930,0.4201
7932,0.3212
7933,0.3667
7939,0.4846
7940,0.3542
7941,0.0084
7945,0.8036
7951,0.4779
7960,0.4156
7967,0.3474
7968,0.0512
7969,0.6061
7979,0.2116
7981,0.7115
7985,0.7859
7988,0.9965
7991,0.7681
7994,0.7629
7996,0.8485
8000,0.1136
8002,0.3175
8003,0.004
8005,0.6196
8010,0.6886
8015,0.063
8017,0.9336
8018,0.5238
8020,0.5362
8024,0.9495
8026,0.531
8030,0.406
8031,0.4156
8034,0.874
8037,0.8396
8042,0.6738
8045,0.6241
8047,0.9397
8052,0.243
8053,0.9104
8054,0.3545
8057,0.7227
8061,0.7697
8062,0.2174
8063,0.9499
8071,0.3826
8084,0.4606
8091,0.4143
8096,0.6435
8098,0.5833
8103,0.6795
8108,0.5517
8115,0.3914
8124,0.3108
8131,0.4905
8132,0.7862
8137,0.6954
8138,0.247
8142,0.4819
8144,0.0657
8146,0.3577
8149,0.1417
8151,0.5079
8161,0.409
8163,0.2707
8164,0.4266
8170,0.8467
8175,0.188
8176,0.9769
8178,0.3012
8179,0.9442
8180,0.7564
8183,0.3832
8187,0.5202
8190,0.5665
8193,0.6736
8194,0.4687
8195,0.7802
8200,0.4548
8201,0.9755
8202,0.3071
8207,0.4514
8210,0.1998
8216,0.4686
8221,0.7718
8222,0.0732
8226,0.12
8231,0.3446
8233,0.2914
8234,0.7778
8236,0.0293
8241,0.119
8243,0.0036
8246,0.7464
8252,0.9731
8255,0.8258
8262,0.251
8268,0.1996
8270,0.9457
8271,0.5782
8275,0.267
8278,0.224
8280,0.4409
8288,0.1019
8292,0.3811
8300,0.9245
8302,0.7624
8304,0.1487
8311,0.4672
8313,0.5137
8314,0.7105
8317,0.7334
8329,0.0122
8339,0.0595
8341,0.0024
8351,0.2404
8353,0.4937
8356,0.9359
8359,0.2535
8361,0.5246
8362,0.8894
8376,0.7857
8389,0.3788
8392,0.9185
8398,0.7221
8399,0.8764
8402,0.3867
8404,0.6838
8405,0.8003
8417,0.0687
8421,0.7003
8428,0.4372
8430,0.6046
8431,0.4481
8434,0.2919
8435,0.0518
8438,0.2329
8442,0.1724
8452,0.6883
8454,0.8527
8456,0.0714
8458,0.7817
8462,0.5058
8464,0.252
8469,0.3344
8470,0.2971
8472,0.2482
8473,0.309
8474,0.6047
8475,0.0549
8477,0.1563
8478,0.9511
8482,0.0427
8487,0.8804
8488,0.3921
8492,0.4234
8495,0.5412
8498,0.9344
8501,0.7217
8506,0.0315
8507,0.3099
8508,0.0021
8510,0.5519
8514,0.9717
8525,0.1313
8534,0.5969
8535,0.0483
8536,0.9442
8539,0.1075
8541,0.0198
8543,0.2077
8554,0.4142
8555,0.6823
8558,0.4323
8560,0.5372
8561,0.0257
8562,0.9863
8567,0.1299
8568,0.3249
8569,0.4147
8582,0.209
8585,0.3978
8588,0.3055
8592,0.5563
8593,0.6928
8597,0.7494
8601,0.4756
8602,0.2108
8605,0.3815
8609,0.2434
8610,0.4545
8612,0.1236
8619,0.6908
8622,0.8981
8625,0.6016
8626,0.1196
8632,0.9729
8633,0.2221
8634,0.5697
8635,0.278
8636,0.0114
8641,0.0632
8642,0.0653
8643,0.7479
8648,0.8192
8649,0.1455
8650,0.6788
8653,0.9436
8654,0.5052
8658,0.2947
8661,0.9371
8662,0.1099
8667,0.3396
8672,0.3612
8674,0.6077
8678,0.1566
8682,0.931
8684,0.0725
8686,0.5858
8690,0.5524
8691,0.0792
8699,0.8608
8700,0.0699
8702,0.9859
8711,0.9152
8713,0.8635
8715,0.9885
8716,0.4136
8730,0.1925
8732,0.0598
8733,0.3152
8734,0.6947
8744,0.0184
8752,0.3725
8753,0.5096
8756,0.6223
8757,0.4756
8758,0.8601
8763,0.7448
8765,0.2494
8770,0.7314
8772,0.845
8781,0.5525
8784,0.9376
8786,0.1037
8795,0.8478
8796,0.3519
8798,0.4682
8801,0.4451
8802,0.7865
8805,0.2062
8806,0.2747
8807,0.9005
8811,0.9855
8812,0.9349
8814,0.9878
8815,0.2274
8818,0.8741
8822,0.1547
8826,0.2974
8828,0.8992
8833,0.6525
8835,0.8332
8840,0.104
8842,0.0998
8845,0.9693
8846,0.6369
8852,0.3894
8859,0.2363
8862,0.4961
8867,0.1499
8869,0.2948
8870,0.9047
8873,0.5412
8880,0.5387
8889,0.5161
8897,0.3435
8909,0.5484
8915,0.8411
8922,0.9708
8925,0.5857
8926,0.508
8927,0.8193
8930,0.1436
8932,0.5651
8942,0.124
8944,0.3728
8946,0.6019
8951,0.8608
8953,0.1175
8954,0.8614
8956,0.2776
8958,0.927
8960,0.0337
8964,0.1028
8965,0.8498
8966,0.3726
8967,0.3595
8968,0.8907
8972,0.0387
8975,0.0735
8976,0.9673
8977,0.576
8979,0.99
8985,0.919
8987,0.1359
8993,0.7931
8996,0.7511
8997,0.1796
9007,0.8893
9008,0.7401
9009,0.8731
9017,0.993
9025,0.6233
9027,0.0983
9029,0.5516
9031,0.5994
9033,0.8299
9037,0.5523
9038,0.641
9041,0.7527
9042,0.9888
9049,0.0135
9050,0.5306
9056,0.6444
9057,0.2361
9058,0.1757
9060,0.6911
9061,4e-04
9078,0.9078
9079,0.8815
9081,0.3422
9085,0.9639
9086,0.5911
9087,0.4339
9093,0.0864
9094,0.2513
9095,0.1511
9102,0.4232
9104,0.1426
9107,0.61
9109,0.7871
9112,0.2606
9117,0.405
9118,0.9249
9120,0.2833
9123,0.5123
9124,0.6479
9129,0.017
9131,0.3364
9132,0.5383
9136,0.0232
9140,0.3304
9141,0.3311
9147,0.2825
9159,0.7672
9162,0.5187
9169,0.8733
9171,0.9932
9173,0.3873
9175,0.1376
9179,0.5843
9181,0.3468
9186,0.6848
9191,0.1418
9194,0.3592
9195,0.3993
9200,0.61
9202,0.0229
9205,0.5279
9206,0.053
9209,0.5422
9211,0.1738
9214,0.4126
9215,0.1405
9216,0.7152
9217,0.1617
9220,0.7342
9230,0.5261
9239,0.0707
9246,0.9315
9247,0.5378
9249,0.6443
9250,0.0525
9255,0.3341
9256,0.5664
9261,0.8532
9264,0.5148
9265,0.1789
9268,0.775
9272,0.4109
9274,0.5045
9283,0.4552
9287,0.2199
9288,0.5767
9290,0.2019
9291,0.9189
9298,0.172
9304,0.7223
9313,0.5953
9321,0.0046
9322,0.9147
9324,0.7103
9325,0.0304
9334,0.9549
9337,0.9983
9338,0.9569
9339,0.096
9345,0.0551
9349,0.8799
9351,0.1816
9353,0.2157
9355,0.6663
9357,0.6501
9358,0.6299
9361,0.5778
9362,0.8815
9364,0.7165
9365,0.2027
9366,0.8688
9375,0.8338
9381,0.4535
9383,0.9834
9385,0.2026
9386,0.0059
9388,0.5584
9393,0.1945
9394,0.6716
9395,0.4874
9399,0.6234
9400,0.119
9403,0.0222
9405,0.4549
9415,0.1823
9418,0.7534
9423,0.4327
9425,0.0071
9430,0.5132
9435,0.0912
9436,0.7176
9442,0.2917
9444,0.4461
9447,0.9376
9449,0.6225
9453,0.4155
9461,0.3806
9462,0.3128
9463,0.8339
9467,0.0395
9476,0.5389
9477,0.1462
9479,0.5907
9480,0.5334
9481,0.4648
9482,0.5571
9484,0.342
9494,0.5616
9498,0.7186
9499,0.5992
9500,0.762
9504,0.9014
9507,0.9339
9517,0.5215
9522,0.0203
9524,0.8559
9525,0.5021
9539,0.4162
9546,0.4142
9548,0.0584
9549,0.1828
9550,0.2047
9551,0.5418
9552,0.1927
9557,0.3385
9558,0.3087
9559,0.0421
9566,0.7886
9567,0.3964
9569,0.2423
9570,0.1925
9573,0.4147
9574,0.0532
9583,0.488
9587,0.2077
9589,0.4848
9592,0.6453
9607,0.7168
9608,0.2109
9609,0.5616
9613,0.6165
9614,0.4969
9615,0.6376
9618,0.358
9640,0.434
9649,0.934
9650,0.0524
9652,0.8477
9653,0.0129
9655,0.1334
9657,0.6716
9659,0.6629
9668,0.2086
9670,0.3771
9673,0.5328
9674,0.5182
9675,0.0024
9676,0.0315
9680,0.4185
9682,0.4715
9683,0.106
9685,0.8437
9688,0.8944
9692,0.7548
9694,0.325
9696,0.2534
9702,0.5536
9707,0.7418
9717,0.7988
9719,0.1272
9725,0.5883
9732,0.4556
9734,0.1783
9736,0.9264
9747,0.0342
9748,0.2692
9751,0.5505
9757,0.6845
9760,0.0141
9761,0.4464
9763,0.6278
9764,0.7313
9771,0.9237
9777,0.1523
9778,0.6255
9779,0.0201
9780,0.8742
9784,0.0147
9788,0.117
9789,0.8736
9790,0.1967
9793,0.7191
9794,0.2416
9796,0.1419
9801,0.8414
9805,0.7955
9813,0.2286
9816,0.4855
9828,0.9841
9830,0.6452
9834,0.2353
9839,0.1954
9841,0.6338
9842,0.7024
9843,0.4106
9847,0.7277
9853,0.9485
9861,0.5895
9868,0.0011
9875,0.6346
9880,0.0742
9881,0.0595
9885,0.6263
9887,0.2876
9888,0.4211
9890,0.8268
9896,0.8982
9901,0.8764
9902,0.7937
9903,0.796
9905,0.7939
9911,0.9666
9912,0.2637
9917,0.7745
9919,0.9152
9924,0.6594
9925,0.6849
9930,0.2755
9932,0.0323
9936,0.929
9937,0.7994
9938,0.681
9941,0.7851
9943,0.794
9945,0.28
9946,0.0768
9947,0.0499
9948,0.9889
9950,0.35
9956,0.7289
9959,0.3951
9962,0.4164
9967,0.4574
9972,0.8879
9975,0.2877
9976,0.9988
9979,0.1777
9982,0.4094
9991,0.3808
9998,0.4785
9999,0.8815
10000,0.5188
10001,0.2818
10003,0.5133
10008,0.7112
10009,0.7005
10010,0.9826
10014,0.6656
10021,0.1382
10027,0.85
10028,0.6255
10029,0.282
10035,0.9736
10041,0.5429
10043,0.9317
10052,0.2249
10058,0.3158
10062,0.6775
10063,0.1596
10064,0.3283
10067,0.1622
10077,0.8783
10078,0.4521
10082,0.2798
10083,0.0709
10085,0.3922
10087,0.9485
10090,0.0035
10091,0.5041
10092,0.005
10093,0.9466
10098,0.7406
10104,0.1998
10107,0.2202
10110,0.7305
10114,0.1304
10119,0.0475
10123,0.3898
10126,0.93
10131,0.8236
10132,0.72
10133,0.1933
10136,0.5066
10140,0.6495
10142,0.9027
10145,0.7072
10149,0.9925
10154,0.8672
10156,0.5346
10157,0.3765
10165,0.2043
10166,0.7656
10174,0.8159
10175,0.3171
10178,0.1747
10181,0.6561
10188,0.4833
10189,0.1773
10192,0.559
10194,0.4986
10197,0.6303
10200,0.0827
10201,0.4545
10203,0.368
10207,0.1047
10208,0.8068
10212,0.7092
10213,0.1549
10220,0.7808
10236,0.0788
10238,0.5569
10245,0.2346
10246,0.2679
10248,0.4532
10251,0.2283
10253,0.0053
10254,0.0561
10256,0.9227
10257,0.8295
10262,0.6278
10263,0.9064
10264,0.5865
10270,0.4169
10271,0.8936
10282,0.9777
10290,0.3613
10291,0.5775
10296,0.4762
10298,0.2935
10300,0.4656
10303,0.6375
10304,0.7045
10310,0.335
10316,0.8914
10318,0.3202
10323,0.7446
10328,0.677
10331,0.9433
10335,0.6049
10337,0.7284
10340,0.6723
10341,0.8256
10345,0.7243
10346,0.4483
10349,0.3005
10352,0.0776
10358,0.5856
10362,0.8046
10365,0.9392
10366,0.255
10373,0.1134
10374,0.0384
10377,0.2466
10384,0.5487
10392,0.3298
10393,0.7402
10400,0.1881
10401,0.0689
10404,0.3568
10407,0.4639
10408,0.1634
10412,0.8207
10414,0.8609
10416,0.3398
10418,0.2678
10424,0.937
10425,0.9337
10426,0.6044
10427,0.9722
10429,0.5552
10433,0.7905
10435,0.2096
10439,0.0487
10441,0.3187
10443,0.5857
10449,0.8019
10452,0.3706
10457,0.8279
10459,0.273
10466,0.9239
10472,0.2611
10473,0.3366
10475,0.2449
10476,0.8246
10477,0.3267
10480,0.9275
10481,0.7747
10482,0.3478
10489,0.416
10491,0.7665
10492,0.0681
10493,0.8862
10498,0.92
10499,0.6369
10500,0.1511
10502,0.6487
10503,0.8798
10505,0.1249
10508,0.4739
10513,0.5561
10514,0.7694
10516,0.2987
10520,0.162
10521,0.6667
10522,0.8258
10525,0.5445
10534,0.6278
10538,0.6896
10539,0.2873
10543,0.1119
10551,0.7899
10552,0.1917
10556,0.9804
10560,0.939
10566,0.4344
10568,0.6889
10570,0.2424
10575,0.2339
10577,0.6407
10580,0.7462
10583,0.6794
10584,0.3276
10589,0.5619
10596,0.6611
10609,0.1026
10610,0.832
10611,0.3459
10615,0.3818
10616,0.9213
10619,0.2702
10621,0.0913
10625,0.6397
10628,0.7465
10631,0.2444
10635,0.8061
10640,0.4238
10643,0.2689
10645,0.4746
10651,0.1585
10652,0.3368
10654,0.751
10656,0.1697
10657,0.097
10659,0.3387
10666,0.9808
10673,0.7101
10677,0.6631
10678,0.7107
10686,0.1362
10687,0.6113
10695,0.6379
10699,0.6684
10702,0.3382
10704,0.8865
10706,0.3221
10708,0.1512
10710,0.7305
10714,0.8984
10716,0.6846
10729,0.1211
10730,0.0312
10733,0.7911
10741,0.4174
10749,0.6776
10752,0.6193
10755,0.3418
10756,0.9975
10757,0.871
10758,0.8733
10760,0.601
10763,0.1792
10765,0.0187
10773,0.5957
10780,0.4142
10783,0.1622
10785,0.6405
10787,0.7698
10793,0.6102
10794,0.92
10795,0.9637
10796,0.9658
10802,0.3079
10805,0.2215
10809,0.7713
10810,0.396
10815,0.875
10816,0.2627
10819,0.1258
10820,0.5772
10824,0.0515
10828,0.9274
10833,0.0152
10843,0.6346
10844,0.4937
10852,0.774
10853,0.5459
10854,0.7632
10856,0.639
10860,0.2098
10868,0.9729
10871,0.9201
10872,0.3407
10876,0.2499
10878,0.6561
10879,0.4362
10880,0.0363
10883,0.0903
10884,0.4624
10886,0.1545
10888,0.2743
10894,0.3524
10900,0.8681
10901,0.7428
10903,0.9849
10905,0.0126
10906,0.0928
10908,0.4623
10911,0.2197
10914,0.1224
10915,0.1864
10917,0.7904
10921,0.0427
10923,0.4109
10924,0.137
10925,0.2417
10934,0.8463
10935,0.8175
10938,0.2049
10941,0.25
10948,0.9282
10952,0.7421
10956,0.4995
10965,0.4201
10966,0.1056
10971,0.334
10973,0.8319
10974,0.9892
10975,0.2739
10978,0.8394
10980,0.2343
10982,0.137
10997,0.4954
10998,0.0264
10999,0.6661
11000,0.34
11002,0.9661
11008,0.2956
11013,0.0833
11020,0.4836
11022,0.1428
11023,0.9943
11024,0.4654
11028,0.3488
11029,0.9302
11032,0.2074
11036,0.0419
11038,0.2088
11049,0.1834
11050,0.6526
11055,0.9174
11056,0.5498
11058,0.5384
11059,0.7359
11061,0.3118
11063,0.5002
11069,0.2731
11073,0.5239
11075,0.5904
11086,0.1095
11089,0.3721
11096,0.8454
11097,0.6831
11099,0.7224
11100,0.7498
11102,0.3229
11104,0.9545
11106,0.4097
11107,0.2603
11110,0.809
11113,0.0433
11115,0.9037
11116,0.7924
11121,0.1062
11133,0.4969
11138,0.3416
11153,0.4596
11156,0.5594
11160,0.2087
11167,0.2685
11168,0.9732
11170,0.673
11173,0.4084
11174,0.0643
11180,0.8432
11184,0.3977
11190,0.51
11191,0.8972
11194,0.2989
11196,0.1186
11200,0.8122
11206,0.4769
11210,0.2027
11219,0.3227
11223,0.0935
11225,0.6736
11226,0.7878
11231,0.5185
11233,0.9934
11234,0.1992
11238,0.3581
11242,0.7105
11245,0.8239
11249,0.7362
11251,0.9171
11252,0.7174
11255,0.7292
11256,0.6866
11257,0.5359
11262,0.9829
11264,0.7688
11272,0.6257
11274,0.9672
11277,0.9019
11279,0.5985
11283,0.802
11285,0.5282
11288,0.1084
11290,0.9634
11294,0.8429
11302,0.9178
11309,0.4347
11310,0.7104
11314,0.0477
11320,0.2648
11322,0.9475
11326,0.2048
11327,0.3315
11328,0.1207
11330,0.6468
11333,0.7244
11335,0.8804
11339,0.4538
11340,0.1521
11341,0.3113
11343,0.9589
11349,0.4463
11355,0.1789
11357,0.2338
11359,0.483
11360,0.7979
11369,0.4545
11370,0.9755
11371,0.4151
11376,0.838
11382,0.1793
11385,0.1676
11387,0.9311
11388,0.4203
11389,0.8153
11391,0.8165
11396,0.1259
11403,0.3826
11405,0.3945
11408,0.5842
11409,0.5119
11412,0.4119
11416,0.0422
11418,0.9348
11425,0.1961
11427,0.0956
11436,0.7194
11440,0.9345
11441,0.5863
11443,0.5616
11449,0.0646
11450,0.6205
11453,0.7558
11454,0.6429
11455,0.9805
11461,0.5596
11469,0.7191
11472,0.0666
11473,0.114
11475,0.1974
11478,0.9506
11480,0.4476
11484,0.1575
11489,0.121
11490,0.583
11494,0.2088
11495,0.6009
11498,0.8276
11499,0.3461
11500,0.0024
11501,0.6935
11503,0.5707
11504,0.1226
11514,0.8182
11519,0.3851
11520,0.6362
11527,0.2386
11528,0.1021
11533,0.2557
11534,0.0303
11537,0.652
11538,0.0574
11539,0.3114
11540,0.1257
11541,0.1354
11543,0.7622
11560,0.4798
11561,0.0444
11562,0.1106
11563,0.5977
11565,0.2695
11566,0.5914
11573,0.5362
11574,0.13
11584,0.799
11591,0.4243
11593,0.5496
11600,0.9834
11605,0.7144
11607,0.4799
11608,0.8198
11610,0.8955
11616,0.1282
11617,0.3713
11618,0.6153
11620,0.4054
11621,0.7737
11623,0.8233
11626,0.3769
11632,0.4901
11633,0.7388
11641,0.425
11643,0.589
11644,0.1387
11651,0.967
11652,0.4473
11654,0.8257
11657,0.1033
11659,0.5464
11661,0.2748
11664,0.253
11669,0.7946
11670,0.0385
11671,0.5028
11674,0.9743
11676,0.6684
11677,0.9949
11678,0.9701
11679,0.9857
11683,0.9951
11686,0.0448
11688,0.165
11690,0.4682
11693,0.245
11694,0.0811
11695,0.5563
11703,0.1374
11704,0.3952
11705,0.8739
11706,0.3048
11709,0.9093
11710,0.2241
11722,0.0512
11724,0.7068
11725,0.6821
11728,0.9426
11734,0.1572
11738,0.928
11740,0.536
11743,0.2148
11744,0.0939
11745,0.6996
11747,0.9173
11748,0.8492
11759,0.608
11765,0.751
11767,0.09
11772,0.4775
11775,0.6621
11779,0.3748
11780,0.3055
11783,0.3189
11788,0.9946
11790,0.7178
11793,0.6022
11794,0.0438
11796,0.5003
11797,0.2325
11798,0.5425
11804,0.9656
11808,0.7779
11818,0.174
11819,0.8125
11829,0.8573
11830,0.2709
11832,0.735
11838,0.1229
11840,0.0158
11842,0.5281
11844,0.1365
11846,0.9996
11849,0.4764
11852,0.5746
11854,0.0788
11870,0.7173
11876,0.2504
11877,0.5429
11878,0.1287
11884,0.3891
11893,0.0349
11903,0.2232
11905,0.1633
11907,0.4973
11909,0.655
11923,0.9137
11925,0.9079
11928,0.6478
11929,0.7021
11931,0.6289
11937,0.9914
11940,0.9961
11941,0.4039
11943,0.5263
11947,0.5789
11949,0.5882
11950,0.6894
11951,0.5013
11955,0.882
11961,0.305
11966,0.8618
11974,0.8828
11976,0.4136
11977,0.7268
11982,0.8351
11983,0.8307
11987,0.181
11994,0.4926
11999,0.1277
12001,0.3488
12011,0.4416
12014,0.1902
12015,0.6772
12018,0.5782
12021,0.1263
12031,0.984
12034,0.3124
12035,0.5946
12037,0.798
12038,0.3163
12039,0.6856
12041,0.5029
12043,0.7592
12045,0.4086
12048,0.8792
12049,0.4906
12055,0.055
12056,0.1621
12057,0.8193
12059,0.0246
12065,0.8127
12067,0.8303
12068,0.081
12069,0.8919
12072,0.5927
12073,0.1421
12076,0.6078
12081,0.4837
12084,0.9698
12085,0.8092
12093,0.0236
12094,0.2194
12097,0.5297
12098,0.4167
12100,0.5505
12102,0.4786
12107,0.3574
12111,0.3526
12118,0.2749
12119,0.1748
12127,0.3419
12128,0.7378
12130,0.0775
12132,0.6189
12142,0.284
12144,0.574
12146,0.8589
12152,0.8
12153,0.4716
12161,0.8132
12166,0.9531
12167,0.8066
12169,0.5993
12171,0.2055
12174,0.6894
12177,0.724
12185,0.4376
12186,0.4542
12187,0.6437
12188,0.2051
12189,0.2325
12194,0.4213
12204,0.1935
12209,0.4098
12210,0.7369
12211,0.4992
12217,0.2472
12218,0.8423
12227,0.9006
12228,0.3363
12232,0.4895
12233,0.9226
12235,0.3325
12236,0.2452
12238,0.852
12243,0.4892
12245,0.1553
12251,0.2106
12254,0.7211
12256,0.302
12257,0.0786
12261,0.8496
12262,0.1149
12271,0.2589
12272,0.6119
12274,0.3021
12276,0.1956
12286,0.883
12289,0.7724
12294,0.7959
12296,0.131
12298,0.5493
12300,0.9724
12308,0.9187
12309,0.2042
12312,0.9658
12314,0.7232
12319,0.665
12321,0.9858
12324,0.7825
12328,0.5797
12331,0.566
12338,0.4727
12342,0.6512
12343,0.074
12347,0.8848
12351,0.4913
12354,0.268
12355,0.2606
12360,0.8248
12363,0.2234
12367,0.5139
12368,0.9168
12370,0.852
12373,0.1291
12374,0.7615
12378,0.1272
12379,0.1744
12382,0.3506
12385,0.503
12388,0.5821
12389,0.5574
12391,0.2011
12392,0.78
12393,0.4028
12394,0.0453
12399,0.1937
12401,0.0444
12403,0.3942
12406,0.7725
12408,0.9067
12409,0.307
12410,0.814
12411,0.8601
12413,0.8911
12421,0.6591
12436,0.8162
12437,0.0486
12438,0.2342
12440,0.7895
12445,0.6354
12447,0.6187
12449,0.627
12455,0.7523
12458,0.3929
12459,0.7758
12463,0.0826
12464,0.0064
12474,0.5006
12476,0.1052
12481,0.0246
12484,0.1927
12487,0.3112
12491,0.3226
12494,0.1559
12496,0.2931
12498,0.7906
12510,0.8904
12511,0.3291
12513,0.0355
12514,0.2064
12517,0.336
12521,0.0123
12526,0.2074
12528,0.3594
12531,0.1563
12532,0.1662
12535,0.5288
12540,0.2984
12541,0.0132
12542,0.4356
12551,0.2197
12552,0.1074
12557,0.5833
12563,0.8663
12565,0.4496
12566,0.1374
12567,0.5965
12574,0.6692
12576,0.7301
12577,0.7291
12580,0.3667
12589,0.4405
12595,0.463
12598,0.4126
12601,0.2657
12603,0.768
12607,0.6971
12613,0.9785
12614,0.8791
12619,0.5737
12621,0.7781
12622,0.3539
12627,0.686
12628,0.1007
12634,0.9692
12636,0.4038
12637,0.9747
12639,0.9609
12640,0.886
12654,0.0451
12656,0.0299
12658,0.405
12662,0.1556
12663,0.8856
12674,0.6225
12675,0.7226
12678,0.1242
12690,0.1383
12691,0.8055
12693,0.9292
12694,0.3015
12697,0.7067
12698,0.1129
12699,0.3235
12700,0.246
12701,0.1553
12702,0.9459
12705,0.3244
12707,0.8561
12709,0.7905
12711,0.7403
12712,0.8127
12713,0.2942
12714,0.7987
12720,0.0534
12721,0.5307
12722,0.8595
12723,0.9292
12726,0.8722
12730,0.9597
12733,0.562
12734,0.8141
12737,0.6657
12739,0.5835
12742,0.111
12743,0.1054
12748,0.9791
12749,0.7112
12751,0.8975
12755,0.8207
12757,0.28
12758,0.7854
12764,0.53
12771,0.3456
12774,0.5959
12781,0.5761
12786,0.3586
12787,0.2442
12789,0.9993
12790,0.2658
12791,0.1254
12797,0.1087
12802,0.8098
12804,0.4378
12808,0.7351
12815,0.257
12818,0.1478
12821,0.2693
12826,0.6545
12831,0.4936
12835,0.5563
12836,0.6077
12839,0.3014
12840,0.3534
12848,0.2429
12852,0.1711
12856,0.1018
12864,0.0096
12875,0.7586
12877,0.4136
12879,0.7459
12885,0.1864
12892,0.742
12898,0.8968
12901,0.7089
12902,0.8495
12910,0.232
12918,0.1789
12920,0.8562
12922,0.9529
12924,0.3402
12926,0.5273
12927,0.7856
12928,0.7515
12933,0.2656
12938,0.8002
12941,0.9576
12947,0.5136
12948,0.4254
12949,0.2065
12950,0.5602
12954,0.9399
12957,0.0202
12963,0.9722
12965,0.48
12967,0.1549
12968,0.6556
12970,0.049
12971,0.8564
12972,0.3303
12974,0.3601
12975,0.9552
12976,0.466
12979,0.2996
12986,0.1071
12989,0.6996
13003,0.3333
13005,0.0519
13006,0.1599
13009,0.3017
13016,0.2694
13018,0.6505
13019,0.1815
13020,0.8285
13021,0.5815
13022,0.1192
13023,0.6709
13025,0.6601
13029,0.5743
13030,0.3709
13035,0.8878
13037,0.4696
13039,0.0804
13043,0.7172
13046,0.4193
13050,0.9168
13051,0.6804
13052,0.823
13055,0.362
13058,0.6496
13059,0.5572
13063,0.2789
13071,0.319
13073,0.0293
13074,0.1991
13085,0.3263
13086,0.8308
13088,0.8606
13093,0.5621
13094,0.8888
13097,0.5081
13103,0.861
13105,0.0038
13115,0.5192
13116,0.07
13124,0.3959
13125,0.5913
13127,0.3164
13128,0.2472
13132,0.2961
13133,0.4464
13136,0.2035
13138,0.6295
13139,0.7741
13142,0.9355
13146,0.0305
13148,0.8928
13149,0.0907
13154,0.0151
13156,0.688
13162,0.5615
13163,0.0026
13169,0.9929
13180,0.572
13181,0.1341
13182,0.3465
13183,0.7452
13185,0.3779
13194,0.8875
13198,0.6394
13200,0.425
13203,0.4616
13206,0.8782
13216,0.5762
13219,0.2538
13229,0.3285
13231,0.3433
13233,0.6397
13234,0.8555
13236,0.5732
13240,0.4909
13243,0.4063
13247,0.2253
13248,0.3645
13249,0.6336
13253,0.1119
13256,0.6562
13264,0.7205
13266,0.8009
13272,0.6761
13273,0.0509
13274,0.5256
13284,0.7888
13289,0.6555
13296,0.585
13297,0.1801
13302,0.9954
13306,0.4553
13307,0.5427
13314,0.9847
13316,0.02
13324,0.3549
13328,0.2929
13329,0.3076
13333,0.7515
13334,0.5931
13337,0.8177
13343,0.9544
13344,0.8674
13345,0.163
13346,0.1693
13353,0.6885
13360,0.6309
13361,0.6059
13363,0.8472
13374,0.8343
13375,0.897
13380,0.2258
13381,0.7754
13384,0.9334
13385,0.9366
13390,0.5495
13393,0.4947
13396,0.6464
13399,0.9466
13401,0.8936
13408,0.177
13424,0.4828
13428,0.1226
13433,0.0484
13442,0.9753
13444,0.876
13456,0.7855
13457,0.6621
13459,0.1934
13464,0.5662
13465,0.8394
13470,0.4302
13471,0.3262
13472,0.2702
13475,0.0816
13479,0.6492
13481,0.913
13486,0.396
13489,0.5895
13496,0.447
13500,0.6845
13502,0.3625
13503,0.2898
13507,0.6473
13509,0.5585
13510,0.6639
13513,0.3936
13514,0.5455
13516,0.8306
13521,0.3042
13522,0.4899
13523,0.5642
13528,0.9563
13529,0.5004
13532,0.1197
13537,0.1858
13545,0.6696
13546,0.6948
13548,0.2623
13550,0.8921
13552,0.0916
13553,0.8876
13558,0.4503
13559,0.7118
13563,0.5011
13564,0.8165
13568,0.8985
13570,0.523
13571,0.745
13572,0.554
13575,0.7561
13576,0.8121
13577,0.4898
13582,0.9882
13585,0.5627
13588,0.0107
13593,0.3642
13594,0.496
13597,0.5865
13608,0.9868
13610,0.2258
13611,0.2641
13613,0.4955
13616,0.0309
13617,0.5544
13624,0.1799
13625,0.5029
13627,0.7224
13628,0.5594
13630,0.7117
13633,0.5137
13637,0.8321
13640,0.0101
13643,0.3994
13646,0.6519
13651,0.0331
13652,0.0825
13655,0.0913
13657,0.4688
13658,0.9704
13659,0.2819
13669,0.4107
13671,0.4517
13676,0.4109
13681,0.8658
13682,0.586
13684,0.2852
13688,0.9533
13689,0.409
13692,0.7566
13698,0.9903
13702,0.5421
13703,0.5711
13704,0.0378
13710,0.6887
13714,0.3318
13720,0.8695
13729,0.7999
13733,0.4902
13736,0.9267
13737,0.0036
13738,0.9894
13742,0.1026
13743,0.0917
13744,0.5998
13747,0.5211
13748,0.0154
13750,0.3842
13754,0.6356
13759,0.1992
13763,0.605
13766,0.6384
13769,0.9415
13776,0.4037
13782,0.3021
13788,0.5585
13792,0.9878
13798,0.0803
13802,0.1526
13803,0.213
13807,0.8834
13809,0.4401
13816,0.4588
13826,0.1532
13828,0.2917
13829,0.8736
13830,0.4775
13834,0.6286
13836,0.641
13841,0.2828
13843,0.1404
13849,0.8221
13852,0.9456
13857,0.6831
13864,0.8008
13865,0.6243
13867,0.7968
13869,0.1086
13870,0.9791
13871,0.6071
13874,0.2502
13877,0.5689
13880,0.8416
13888,0.4167
13894,0.5784
13897,0.454
13898,0.0447
13899,0.9273
13900,0.8269
13903,0.7269
13908,0.1042
13909,0.3163
13911,0.2667
13917,0.7015
13918,0.4435
13921,0.7865
13925,0.7324
13927,0.016
13929,0.7886
13932,0.6666
13940,0.6131
13942,0.137
13945,0.1863
13947,0.2827
13950,0.273
13952,0.7065
13957,0.3117
13963,0.5755
13972,0.4759
13973,0.8979
13976,0.4223
13977,0.9892
13978,0.6417
13982,0.8504
13987,0.6703
13989,0.3034
13993,0.0757
13995,0.995
14000,0.493
14004,0.4302
14008,0.7066
14019,0.6353
14022,0.7555
14023,0.7111
14027,0.8379
14032,0.8654
14033,0.683
14039,0.9001
14045,0.3681
14049,0.8616
14057,0.8395
14058,0.2169
14061,0.2889
14063,0.2272
14064,0.0589
14068,0.1555
14072,0.7694
14074,0.5236
14075,0.1596
14077,0.7441
14078,0.9231
14079,0.5141
14084,0.1531
14087,0.1279
14091,0.3337
14096,0.7586
14103,0.3025
14106,0.2566
14109,0.9677
14116,0.4088
14123,0.8495
14129,0.9011
14131,0.7223
14132,0.8283
14136,0.5646
14139,0.5829
14145,0.204
14147,0.576
14150,0.1953
14151,0.3419
14153,0.5765
14155,0.1324
14159,0.9608
14167,0.0676
14168,0.0206
14173,0.3586
14180,0.4351
14183,0.3227
14188,0.0383
14192,0.6853
14193,0.754
14194,0.9691
14199,0.2642
14202,0.2704
14204,0.6949
14207,0.6732
14216,0.4953
14222,0.2923
14223,0.6524
14224,0.0515
14229,0.7878
14236,0.6374
14237,0.7674
14241,0.2585
14246,0.345
14252,0.753
14255,0.994
14256,0.5362
14259,0.4376
14264,0.2227
14266,0.1084
14267,0.5504
14272,0.3153
14274,0.4498
14275,0.3166
14281,0.2829
14283,0.2702
14285,0.7553
14291,0.7932
14293,0.5765
14295,0.272
14299,0.8079
14301,0.2226
14305,0.497
14313,0.3225
14315,0.353
14317,0.2966
14325,0.3197
14326,0.8645
14330,0.2791
14331,0.5858
14338,0.987
14344,0.0812
14348,0.8054
14355,0.9179
14361,0.9148
14362,0.9875
14367,0.4465
14370,0.3384
14377,0.0468
14380,0.4173
14381,0.1144
14384,0.191
14386,0.298
14388,0.4932
14392,0.46
14393,0.6383
14394,0.0921
14395,0.1017
14398,0.5174
14399,0.1126
14402,0.9286
14403,0.7644
14406,0.1407
14410,0.7824
14411,0.3061
14413,0.0279
14416,0.1538
14424,0.888
14426,0.2802
14427,0.952
14428,0.1377
14434,0.5553
14441,0.7588
14443,0.6074
14449,0.7575
14451,0.6079
14457,0.9567
14459,0.1807
14460,0.1787
14461,0.2939
14465,0.3053
14468,0.9646
14469,0.173
14470,0.7256
14472,0.9538
14479,0.3239
14483,0.1246
14492,0.9179
14495,0.0255
14496,0.3146
14505,0.4476
14506,0.1729
14520,0.8114
14523,0.351
14524,0.4097
14528,0.7396
14541,0.1979
14543,0.1731
14544,0.2731
14545,0.7107
14546,0.6419
14555,0.9888
14557,0.0381
14560,0.5227
14564,0.5729
14565,0.3353
14568,0.5345
14573,0.6094
14574,0.4685
14579,0.749
14582,0.3259
14585,0.4598
14587,0.9273
14588,0.111
14590,0.8179
14595,0.1107
14597,0.324
14600,0.498
14603,0.4765
14615,0.7897
14618,0.6942
14621,0.8268
14623,0.0054
14628,0.6098
14630,0.6832
14637,0.8008
14641,0.4453
14642,0.4286
14643,0.5635
14645,0.4144
14651,0.9559
14660,0.8561
14662,0.9105
14667,0.2522
14670,0.5086
14671,0.7301
14672,0.7423
14681,0.1902
14683,0.6156
14687,0.7982
14688,0.7098
14689,0.2176
14691,0.4332
14697,0.8331
14700,0.7417
14701,0.9239
14703,0.7655
14706,0.3678
14707,0.3956
14712,0.0256
14715,0.1059
14716,0.0313
14723,0.6512
14726,0.3085
14727,0.0319
14733,0.6118
14736,0.6415
14738,0.3057
14740,0.7443
14746,0.2445
14756,0.1594
14759,0.5791
14763,0.3861
14766,0.0604
14768,0.4975
14772,0.4817
14780,0.6558
14782,0.1799
14784,0.3488
14798,0.7248
14802,0.679
14807,0.0931
14816,0.5429
14818,0.4215
14819,0.7382
14822,0.7243
14824,0.5558
14826,0.0265
14827,0.1965
14829,0.2635
14830,0.9382
14837,0.4317
14839,0.1892
14841,0.8496
14851,0.1103
14855,0.6429
14857,0.7267
14859,0.4172
14860,0.721
14861,0.9529
14867,0.7491
14868,0.9787
14873,0.6967
14880,0.6095
14883,0.1328
14894,0.7246
14895,0.9432
14901,0.4172
14910,0.2482
14911,0.2785
14913,0.0484
14914,0.4506
14915,0.9765
14926,0.3893
14929,0.6832
14942,0.8058
14946,0.2298
14949,0.3993
14954,0.8449
14957,0.0202
14958,0.9456
14961,0.377
14962,0.0969
14963,0.6895
14964,0.6331
14966,0.012
14968,0.4946
14986,0.5741
14988,0.4566
14989,0.7507
14990,0.74
14993,0.4772
14996,0.6035
15001,0.2125
15004,0.5844
15008,0.5443
15021,0.1223
15022,0.2484
15025,0.6909
15030,0.9718
15038,0.726
15042,0.0635
15044,0.1668
15049,0.696
15050,0.155
15058,0.0578
15059,0.376
15060,0.8043
15061,0.1811
15067,0.8008
15071,0.2753
15072,0.9774
15083,0.6119
15086,0.9658
15088,0.7929
15090,0.8457
15091,0.5003
15092,0.1172
15094,0.8678
15095,0.4408
15102,0.6721
15103,0.4721
15106,0.8515
15107,0.9783
15110,0.0599
15111,0.2566
15113,0.2437
15114,0.8755
15115,0.0542
15116,0.3634
15117,0.5282
15120,0.0963
15127,0.4553
15139,0.2242
15142,0.4139
15144,0.5074
15145,0.7049
15146,0.6031
15148,0.9219
15156,0.8271
15162,0.4345
15163,0.3563
15176,0.8187
15179,0.3146
15183,0.5244
15187,0.3776
15188,0.5573
15194,0.3416
15199,0.1241
15201,0.4401
15202,0.5996
15203,0.2113
15204,0.2033
15205,0.8732
15206,0.7165
15209,0.843
15210,0.545
15213,0.8437
15216,0.8548
15220,0.4055
15221,0.8699
15222,0.7179
15238,0.3227
15240,0.5253
15242,0.0523
15245,0.5375
15247,0.6509
15248,0.5919
15253,0.0349
15255,0.8759
15257,0.4917
15263,0.3665
15267,0.9119
15273,0.258
15276,0.2115
15279,0.3161
15280,0.3857
15283,0.0206
15285,0.7333
15288,0.1419
15289,0.7598
15290,0.3519
15297,0.4604
15298,0.2965
15299,0.6311
15300,0.3069
15303,0.6984
15308,0.9708
15310,0.4391
15313,0.0167
15314,0.4659
15315,0.4085
15336,0.905
15338,0.0788
15339,0.082
15342,0.1539
15343,0.641
15347,0.6749
15351,0.1808
15352,0.2906
15356,0.3757
15358,0.4367
15360,0.834
15366,0.0703
15368,0.3655
15369,0.21
15371,0.904
15377,0.5836
15380,0.8244
15383,0.852
15386,0.0195
15393,0.9493
15394,0.1294
15400,0.5709
15403,0.6987
15407,0.4705
15413,0.5753
15416,0.9703
15418,0.2688
15419,0.0677
15425,0.3636
15429,0.5745
15433,0.8283
15435,0.4262
15439,0.8048
15443,0.1645
15450,0.6963
15459,0.6697
15460,0.5887
15462,0.1013
15463,0.5342
15465,0.6103
15466,0.8227
15467,0.9087
15468,0.1805
15469,0.2603
15471,0.8994
15472,0.4729
15473,0.9012
15474,0.7844
15477,0.7739
15485,0.4806
15487,0.2552
15488,0.6879
15489,0.1261
15500,0.0559
15504,2e-04
15516,0.1635
15532,0.0337
15533,0.1102
15537,0.0395
15538,0.3049
15542,0.5402
15543,0.6589
15545,0.5604
15555,0.7938
15557,0.9186
15559,0.9462
15560,0.4816
15561,0.0743
15562,0.3292
15570,0.2363
15573,0.3061
15580,0.1646
15583,0.6049
15594,0.6755
15603,0.7849
15607,0.7486
15611,0.3368
15613,0.7044
15614,0.0227
15615,0.0731
15617,0.8863
15618,0.8676
15620,0.9731
15626,0.1551
15630,0.6904
15632,0.2425
15639,0.3154
15650,0.4863
15651,0.1516
15657,0.5551
15659,0.0515
15661,0.206
15662,0.9105
15679,0.0131
15681,0.7515
15682,0.1945
15685,0.4798
15689,0.9855
15696,0.4126
15700,0.8579
15706,0.1173
15711,0.4115
15714,0.3923
15715,0.8307
15717,0.2288
15725,0.5468
15727,0.4601
15730,0.3406
15733,0.8989
15734,0.6098
15735,0.0997
15736,0.8884
15737,0.2138
15738,0.3373
15739,0.145
15742,0.7154
15744,0.6001
15745,0.3533
15748,0.8438
15749,0.859
15755,0.5929
15756,0.0027
15764,0.2719
15765,0.8085
15773,0.2766
15781,0.5056
15782,0.3967
15787,0.6443
15791,0.7147
15793,0.0908
15796,0.7486
15803,0.8974
15807,0.9736
15809,0.2617
15810,0.4453
15820,0.4926
15821,0.2109
15826,0.6007
15828,0.882
15829,0.5305
15832,0.8073
15834,0.9647
15837,0.6297
15839,0.3134
15840,0.2442
15841,0.4151
15843,0.9942
15845,0.7769
15849,0.662
15861,0.8746
15865,0.4762
15871,0.709
15883,0.9025
15884,0.8668
15885,0.1394
15888,0.4785
15891,0.6644
15895,0.6381
15897,0.0256
15900,0.5572
15901,0.6605
15907,0.6026
15909,0.7359
15910,0.8335
15914,0.7527
15917,0.6267
15921,0.0904
15924,0.3992
15930,0.2767
15932,0.8413
15933,0.9122
15937,0.785
15938,0.5325
15939,0.5469
15940,0.4986
15945,0.0897
15946,0.4628
15950,0.3846
15951,0.3978
15952,0.9268
15953,0.6153
15956,0.9425
15959,0.7316
15960,0.0825
15965,0.8655
15976,0.4609
15978,0.3232
15980,0.1143
15981,0.833
15985,0.9274
15987,0.8071
15995,0.1474
15996,0.768
15998,0.4115
16002,0.3934
16009,0.8378
16010,0.1522
16011,0.1388
16012,0.9833
16013,0.9208
16018,0.7326
16022,0.0193
16025,0.7592
16028,0.3857
16029,0.715
16032,0.0589
16033,0.932
16039,0.9006
16040,0.3262
16041,0.071
16046,0.0214
16048,0.7928
16049,0.4563
16053,0.5877
16054,0.4188
16056,0.2516
16060,0.7635
16063,0.4828
16066,0.5652
16068,0.1
16071,0.6689
16075,0.2395
16077,0.1609
16078,0.4758
16079,0.8986
16081,0.1249
16083,0.5872
16087,0.4462
16089,0.643
16091,0.0809
16093,0.8424
16094,0.0795
16096,0.9461
16097,0.2909
16098,0.1452
16100,0.883
16101,0.928
16106,0.9431
16107,0.2699
16112,0.4901
16113,0.5809
16121,0.5043
16123,0.5544
16125,0.3902
16126,0.222
16137,0.119
16138,0.0907
16139,0.2777
16142,0.6169
16143,0.2541
16144,0.1123
16148,0.1948
16151,0.3961
16153,0.7861
16156,0.8755
16162,0.6805
16173,0.8788
16174,0.3259
16175,0.0475
16176,0.9446
16177,0.6015
16180,0.9901
16183,0.5381
16185,0.5689
16186,0.2369
16195,0.0212
16197,0.4979
16209,0.2794
16215,0.4124
16219,0.1452
16222,0.7561
16224,0.9067
16227,0.5752
16232,0.7491
16236,0.425
16237,0.3152
16238,0.3539
16239,0.6007
16241,0.0988
16242,0.7259
16246,0.8201
16250,0.1301
16253,0.5133
16254,0.5192
16256,0.4313
16262,0.8066
16264,0.5824
16267,0.1002
16269,0.4385
16279,0.7246
16281,0.5367
16282,0.6701
16287,0.4661
16289,0.0633
16290,0.4834
16292,0.5457
16295,0.4547
16302,0.7763
16309,0.5516
16311,0.1825
16312,0.5282
16316,0.5836
16318,0.7003
16320,0.4239
16321,0.363
16325,0.0316
16331,0.1161
16335,0.9188
16337,0.7493
16340,0.5788
16341,0.0758
16342,0.9383
16351,0.0666
16352,0.6123
16353,0.6871
16355,0.637
16356,0.7617
16359,0.3178
16360,0.5583
16363,0.974
16368,0.5317
16373,0.0769
16378,0.2431
16379,0.7343
16383,0.1054
16390,0.1004
16392,0.8397
16395,0.7064
16398,0.3632
16399,0.5462
16404,0.8341
16407,0.1838
16413,0.085
16417,0.1552
16419,0.3407
16422,0.2046
16423,0.3125
16433,0.7391
16436,0.8947
16441,0.3321
16443,0.9622
16445,0.8167
16446,0.517
16449,0.717
16451,0.5821
16452,0.2584
16453,0.576
16454,0.0273
16457,0.059
16461,0.6105
16465,0.7362
16467,0.337
16468,0.7597
16471,0.2638
16472,0.0964
16478,0.2944
16479,0.8355
16482,0.1285
16483,0.7236
16486,0.2124
16487,0.919
16488,0.2865
16490,0.6828
16501,0.9177
16505,0.3753
16511,0.3549
16519,0.9265
16521,0.5829
16524,0.6606
16525,0.1384
16529,0.7362
16530,0.7684
16531,0.6024
16536,0.3347
16537,0.9328
16538,0.4408
16539,0.8265
16544,0.0889
16547,0.1948
16555,0.7678
16563,0.4353
16564,0.5408
16567,0.537
16568,0.2856
16570,0.0235
16573,0.9639
16574,0.1131
16576,0.8111
16581,0.2023
16582,0.0783
16584,0.8269
16592,0.7233
16593,0.7197
16597,0.7753
16598,0.7163
16601,0.2586
16607,0.6277
16610,0.2342
16611,0.7873
16613,0.8513
16614,0.9267
16622,0.5579
16624,0.7776
16625,0.8636
16628,0.5389
16629,0.5354
16632,0.9971
16633,0.5802
16644,0.6079
16651,0.844
16652,0.8352
16653,0.5245
16659,0.8446
16660,0.6612
16666,0.8535
16668,0.5528
16674,0.8161
16677,0.415
16681,0.3344
16682,0.9107
16685,0.8082
16691,0.667
16692,0.2294
16694,0.0673
16695,0.4806
16696,0.0824
16699,0.7254
16701,0.9425
16705,0.1441
16709,0.4676
16710,0.6918
16711,0.6122
16716,0.9671
16718,0.5615
16721,0.1294
16725,0.5274
16726,0.8713
16728,0.291
16729,0.2772
16731,0.785
16732,0.416
16734,0.2594
16744,0.1671
16747,0.8095
16756,0.7798
16759,0.6712
16760,0.9541
16769,0.3712
16770,0.392
16782,0.1118
16784,0.0712
16785,0.9297
16787,0.7371
16793,0.6155
16801,0.4992
16804,0.1804
16807,0.2481
16808,0.3882
16810,0.231
16811,0.835
16812,0.3217
16813,0.0594
16814,0.236
16818,0.916
16821,0.1254
16823,0.7973
16825,0.4042
16828,0.3005
16829,0.2093
16835,0.6789
16838,0.174
16840,0.0012
16844,0.1018
16845,0.5747
16847,0.4772
16848,0.34
16851,0.0063
16858,0.3553
16860,0.8019
16861,0.2754
16865,0.4074
16866,0.355
16867,0.3211
16869,0.478
16870,0.0457
16872,0.2023
16875,0.9549
16881,0.9722
16886,0.0327
16890,0.069
16895,0.6774
16898,0.8797
16900,0.661
16901,0.6344
16904,0.7844
16906,0.7412
16907,0.7507
16908,0.9369
16909,0.9454
16911,0.2433
16919,0.3314
16920,0.832
16923,0.1272
16924,0.6338
16927,0.3137
16931,0.1275
16933,0.0636
16938,0.1628
16939,0.332
16940,0.6772
16942,0.4243
16951,0.718
16953,0.5468
16955,0.6111
16956,0.0695
16958,0.6019
16963,0.1092
16965,0.9604
16967,0.829
16969,0.5954
16975,0.1175
16986,0.1454
16988,0.0034
16994,0.8892
16995,0.7599
16997,0.8828
17005,0.2818
17013,0.1278
17014,0.6607
17019,0.5939
17020,0.0794
17022,0.1098
17025,0.7953
17026,0.3408
17029,0.6373
17033,0.0699
17035,0.1511
17042,0.1712
17048,0.244
17049,0.6972
17058,0.3611
17059,0.5839
17062,0.8363
17063,0.3202
17068,0.3244
17069,0.2344
17070,0.6187
17074,0.1888
17076,0.2993
17079,0.0481
17082,0.7202
17083,0.202
